,Accuracy,Precision,Recall,F1,ROC-AUC,CV F1 (5-fold)
Logistic Regression,0.895,0.8518518518518519,0.7796610169491526,0.8141592920353983,0.9675441759826902,0.8311106874382557
Random Forest,0.905,0.9,0.7627118644067796,0.8256880733944955,0.9391753816564491,0.7919593675347588
